sim_time,dev_id,packet
0.000000000,0,0x557c90080ce0
0.112895999,1,0x557c90080dd0
1800.000000000,0,0x557c8ff98ee0
1800.225791998,1,0x557c900768e0
3600.000000000,0,0x557c8ff658e0
3600.338687997,1,0x557c8ffcfa00
5400.000000000,0,0x557c90075150
5400.451583996,1,0x557c8ffb5060
